Niters,ExcTime,GNorm
1.00000000e+04,1.22425090e+02,2.16019762e-02
1.00000000e+04,1.20134986e+02,4.94541353e-03
1.00000000e+04,1.26689676e+02,3.19623793e-02
1.00000000e+04,1.40066062e+02,3.06490520e-02
1.00000000e+04,1.38252843e+02,2.84842981e-02
1.00000000e+04,1.32222254e+02,3.03235665e-02
1.00000000e+04,1.25788413e+02,1.68221638e-02
1.00000000e+04,1.33555082e+02,3.10733122e-02
1.00000000e+04,1.31780606e+02,2.88187673e-02
1.00000000e+04,1.23335274e+02,2.54519983e-02
