Niters,ExcTime,GNorm
1.00000000e+04,7.36185312e-01,4.62184762e+02
1.00000000e+04,7.38621473e-01,4.21307012e+02
1.00000000e+04,7.35369205e-01,4.32721068e+02
1.00000000e+04,7.49810934e-01,4.50894017e+02
1.00000000e+04,7.36273289e-01,4.19723920e+02
1.00000000e+04,7.43414402e-01,3.99311037e+02
1.00000000e+04,7.36262321e-01,5.14331542e+02
1.00000000e+04,7.44153976e-01,4.25508640e+02
1.00000000e+04,7.34385967e-01,4.03446887e+02
1.00000000e+04,7.52541065e-01,4.93347743e+02
