Niters,ExcTime,GNorm
1.00000000e+04,7.39505053e-01,1.09475051e-01
1.00000000e+04,7.36814260e-01,7.72833238e-02
1.00000000e+04,7.35835075e-01,4.79539388e-01
1.00000000e+04,7.36003876e-01,3.14717893e-01
1.00000000e+04,7.46311665e-01,5.31050602e-02
1.00000000e+04,7.43912220e-01,2.40915011e-01
1.00000000e+04,7.45548725e-01,1.60541227e-01
1.00000000e+04,7.48945236e-01,6.24139576e-02
1.00000000e+04,7.50249147e-01,3.90382562e-01
1.00000000e+04,7.46113539e-01,3.20537751e-02
