Niters,ExcTime,GNorm
1.00000000e+04,7.44321585e-01,4.98861950e+00
1.00000000e+04,7.36132383e-01,4.47897880e+00
1.00000000e+04,7.37037182e-01,4.63956107e+00
1.00000000e+04,7.80287027e-01,4.73496879e+00
1.00000000e+04,7.62343645e-01,4.41530120e+00
1.00000000e+04,7.42985964e-01,4.20930231e+00
1.00000000e+04,7.28658199e-01,5.36028296e+00
1.00000000e+04,7.42172480e-01,4.58013035e+00
1.00000000e+04,7.27443218e-01,4.22014569e+00
1.00000000e+04,7.33130693e-01,5.22138391e+00
