Niters,ExcTime,GNorm
1.00000000e+04,3.59755754e-01,2.63152317e+03
1.00000000e+04,3.60630512e-01,2.72995537e+03
1.00000000e+04,3.52793932e-01,2.56711764e+03
1.00000000e+04,3.59375000e-01,2.21142636e+03
1.00000000e+04,3.59484434e-01,2.94931124e+03
1.00000000e+04,3.57712269e-01,2.74996437e+03
1.00000000e+04,3.60280037e-01,3.06808509e+03
1.00000000e+04,3.60386372e-01,2.95302851e+03
1.00000000e+04,3.59827995e-01,2.63038658e+03
1.00000000e+04,3.56925726e-01,3.04212863e+03
