Niters,ExcTime,GNorm
1.00000000e+04,7.33270168e-01,4.61871403e+03
1.00000000e+04,7.44724035e-01,4.21066840e+03
1.00000000e+04,7.35079288e-01,4.32468985e+03
1.00000000e+04,7.44292021e-01,4.50692990e+03
1.00000000e+04,7.36272335e-01,4.19526509e+03
1.00000000e+04,7.37205505e-01,3.99115241e+03
1.00000000e+04,7.34831095e-01,5.14124070e+03
1.00000000e+04,7.37159729e-01,4.25218031e+03
1.00000000e+04,7.36468315e-01,4.03302564e+03
1.00000000e+04,7.41032362e-01,4.93060001e+03
