Niters,ExcTime,GNorm
1.00000000e+04,7.53646612e-01,5.40793047e-03
1.00000000e+04,7.53531456e-01,3.33735130e-03
1.00000000e+04,7.56265402e-01,1.93324645e-02
1.00000000e+04,7.61606693e-01,1.44115709e-02
1.00000000e+04,7.59306431e-01,2.26731181e-03
1.00000000e+04,7.49075174e-01,1.05718453e-02
1.00000000e+04,7.55563974e-01,7.03894759e-03
1.00000000e+04,7.47750521e-01,2.51646750e-03
1.00000000e+04,7.57213354e-01,1.75214136e-02
1.00000000e+04,7.53163815e-01,1.35883974e-03
