Niters,ExcTime,GNorm
1.00000000e+04,1.25157646e+02,4.47059198e+04
1.00000000e+04,1.39158932e+02,4.45312874e+04
1.00000000e+04,1.34342030e+02,4.48098224e+04
1.00000000e+04,1.24269217e+02,4.48491545e+04
1.00000000e+04,1.38969231e+02,4.38426504e+04
1.00000000e+04,1.22010552e+02,4.46749416e+04
1.00000000e+04,1.27630762e+02,4.50350755e+04
1.00000000e+04,1.22160347e+02,4.40125341e+04
1.00000000e+04,1.22367043e+02,4.45819151e+04
1.00000000e+04,1.24990386e+02,4.46719332e+04
