Niters,ExcTime,GNorm
1.00000000e+04,1.26090576e+02,2.80124247e+04
1.00000000e+04,1.29310224e+02,2.78922401e+04
1.00000000e+04,1.24607663e+02,2.82129547e+04
1.00000000e+04,1.40131924e+02,2.80622785e+04
1.00000000e+04,1.25006269e+02,2.72924829e+04
1.00000000e+04,1.25117225e+02,2.81228443e+04
1.00000000e+04,1.27578000e+02,2.81749137e+04
1.00000000e+04,1.23179630e+02,2.76762614e+04
1.00000000e+04,1.27778883e+02,2.75055987e+04
1.00000000e+04,1.22085837e+02,2.78291233e+04
