Niters,ExcTime,GNorm
1.00000000e+04,7.33281612e-01,4.65352971e+01
1.00000000e+04,7.36246109e-01,4.23712694e+01
1.00000000e+04,7.34685421e-01,4.35295703e+01
1.00000000e+04,7.42490053e-01,4.52918757e+01
1.00000000e+04,7.35741615e-01,4.21697615e+01
1.00000000e+04,7.49843359e-01,4.01276041e+01
1.00000000e+04,7.34484911e-01,5.16393315e+01
1.00000000e+04,7.37121105e-01,4.28432975e+01
1.00000000e+04,7.32106924e-01,4.04930101e+01
1.00000000e+04,7.35618591e-01,4.96197837e+01
