Niters,ExcTime,GNorm
1.00000000e+04,1.08629680e+00,3.08673900e-03
1.00000000e+04,1.05349779e+00,1.07820632e-02
1.00000000e+04,1.06213045e+00,5.62689072e-03
1.00000000e+04,1.05734921e+00,1.29903628e-02
1.00000000e+04,1.05775213e+00,1.91167013e-02
1.00000000e+04,1.06197214e+00,8.28035023e-03
1.00000000e+04,1.06084681e+00,4.19249175e-04
1.00000000e+04,1.05877972e+00,2.75468586e-03
1.00000000e+04,1.06311226e+00,1.60124669e-02
1.00000000e+04,1.05680847e+00,3.59541610e-03
