Niters,ExcTime,GNorm
1.00000000e+04,1.27037603e+02,3.47299080e-01
1.00000000e+04,1.37347994e+02,8.43004938e-02
1.00000000e+04,1.30117353e+02,4.95121702e-01
1.00000000e+04,1.22517864e+02,2.76619381e-01
1.00000000e+04,1.25068504e+02,5.76443632e-01
1.00000000e+04,1.20553974e+02,4.89757028e-01
1.00000000e+04,1.22595788e+02,1.48926148e-01
1.00000000e+04,1.28557416e+02,6.08803665e-01
1.00000000e+04,1.26798714e+02,3.16908563e-01
1.00000000e+04,1.43196167e+02,4.24891885e-01
