Niters,ExcTime,GNorm
1.00000000e+04,1.09272504e+00,1.42741766e+02
1.00000000e+04,1.09439445e+00,1.29881516e+02
1.00000000e+04,1.08975792e+00,1.48982590e+02
1.00000000e+04,1.09246469e+00,1.42263449e+02
1.00000000e+04,1.09065151e+00,1.34891395e+02
1.00000000e+04,1.09374356e+00,1.42508097e+02
1.00000000e+04,1.09199214e+00,1.34006340e+02
1.00000000e+04,1.09166789e+00,1.38241793e+02
1.00000000e+04,1.09316468e+00,1.39909584e+02
1.00000000e+04,1.09378314e+00,1.47986626e+02
