Niters,ExcTime,GNorm
1.00000000e+04,1.41077540e+02,2.80775493e+03
1.00000000e+04,1.22822683e+02,2.79558926e+03
1.00000000e+04,1.20923157e+02,2.82778981e+03
1.00000000e+04,1.20334931e+02,2.81286355e+03
1.00000000e+04,1.20842622e+02,2.73562416e+03
1.00000000e+04,1.21372240e+02,2.81883194e+03
1.00000000e+04,1.23459242e+02,2.82416396e+03
1.00000000e+04,1.22640730e+02,2.77385237e+03
1.00000000e+04,1.33903717e+02,2.75704747e+03
1.00000000e+04,1.37846697e+02,2.78959864e+03
