Niters,ExcTime,GNorm
1.00000000e+04,5.71937084e-01,9.03991580e+01
1.00000000e+04,5.71238279e-01,8.73402272e+01
1.00000000e+04,5.72431564e-01,9.38260799e+01
1.00000000e+04,5.72652578e-01,9.02066678e+01
1.00000000e+04,5.70686340e-01,8.91674050e+01
1.00000000e+04,5.72396040e-01,9.50539960e+01
1.00000000e+04,5.70183277e-01,8.84144834e+01
1.00000000e+04,5.67181349e-01,8.83952147e+01
1.00000000e+04,5.70230722e-01,9.07746845e+01
1.00000000e+04,5.68629742e-01,9.20235832e+01
