Niters,ExcTime,GNorm
1.00000000e+04,1.07699227e+00,1.58976264e+03
1.00000000e+04,1.06911421e+00,1.50895821e+03
1.00000000e+04,1.07405162e+00,1.48579227e+03
1.00000000e+04,1.07017207e+00,1.50074199e+03
1.00000000e+04,1.07365632e+00,1.57808048e+03
1.00000000e+04,1.06750965e+00,1.57736448e+03
1.00000000e+04,1.06835461e+00,1.46372069e+03
1.00000000e+04,1.05974483e+00,1.58041337e+03
1.00000000e+04,1.07011676e+00,1.60430141e+03
1.00000000e+04,1.06494379e+00,1.52540794e+03
