Niters,ExcTime,GNorm
1.00000000e+04,1.31474540e+02,3.83927963e+02
1.00000000e+04,1.24355844e+02,3.88679134e+02
1.00000000e+04,1.22362340e+02,3.90438975e+02
1.00000000e+04,1.24297870e+02,3.84759353e+02
1.00000000e+04,1.28467161e+02,3.90371360e+02
1.00000000e+04,1.24001219e+02,3.81898810e+02
1.00000000e+04,1.32322899e+02,3.85239701e+02
1.00000000e+04,1.23534964e+02,3.86957827e+02
1.00000000e+04,1.29849471e+02,3.89008914e+02
1.00000000e+04,1.28777703e+02,3.81473986e+02
