Niters,ExcTime,GNorm
1.00000000e+04,1.39861959e+02,2.42335749e+05
1.00000000e+04,1.23593419e+02,2.46263728e+05
1.00000000e+04,1.24117574e+02,2.48914314e+05
1.00000000e+04,1.18688665e+02,2.45072365e+05
1.00000000e+04,1.22018926e+02,2.52109926e+05
1.00000000e+04,1.44745307e+02,2.42769303e+05
1.00000000e+04,1.29037181e+02,2.42332064e+05
1.00000000e+04,1.40655022e+02,2.43501337e+05
1.00000000e+04,1.21754392e+02,2.50897066e+05
1.00000000e+04,1.20421073e+02,2.40385626e+05
