Niters,ExcTime,GNorm
1.00000000e+04,1.09676290e+00,4.35993170e+00
1.00000000e+04,1.10687065e+00,4.45804776e+00
1.00000000e+04,1.10574389e+00,4.21617576e+00
1.00000000e+04,1.10143137e+00,4.24346206e+00
1.00000000e+04,1.10286355e+00,3.72879189e+00
1.00000000e+04,1.09949350e+00,4.15822317e+00
1.00000000e+04,1.09810972e+00,4.43160443e+00
1.00000000e+04,1.10266352e+00,3.88591623e+00
1.00000000e+04,1.10410833e+00,3.92768146e+00
1.00000000e+04,1.09731197e+00,4.08697186e+00
