Niters,ExcTime,GNorm
1.00000000e+04,7.42980003e-01,7.54550743e+00
1.00000000e+04,7.44582653e-01,7.21585922e+00
1.00000000e+04,7.38543272e-01,6.61387459e+00
1.00000000e+04,7.42491961e-01,8.51185444e+00
1.00000000e+04,7.45298862e-01,6.32736108e+00
1.00000000e+04,7.37795353e-01,6.72254158e+00
1.00000000e+04,7.35503912e-01,6.69509190e+00
1.00000000e+04,7.34498978e-01,7.46861822e+00
1.00000000e+04,7.39850760e-01,6.37757212e+00
1.00000000e+04,7.32409716e-01,7.61572522e+00
