Niters,ExcTime,GNorm
1.00000000e+04,1.25494436e+02,4.32881607e+04
1.00000000e+04,1.25306549e+02,4.40407998e+04
1.00000000e+04,1.23805612e+02,4.45687385e+04
1.00000000e+04,1.25738247e+02,4.34798586e+04
1.00000000e+04,1.31281540e+02,4.43613161e+04
1.00000000e+04,1.22724138e+02,4.27442259e+04
1.00000000e+04,1.33186460e+02,4.39454766e+04
1.00000000e+04,1.25382300e+02,4.39999024e+04
1.00000000e+04,1.27912548e+02,4.43386966e+04
1.00000000e+04,1.36413249e+02,4.31914131e+04
