Niters,ExcTime,GNorm
1.00000000e+04,1.26080844e+02,4.85883907e+03
1.00000000e+04,1.45995762e+02,4.92667394e+03
1.00000000e+04,1.30248529e+02,4.95818151e+03
1.00000000e+04,1.49254469e+02,4.89070744e+03
1.00000000e+04,1.31413237e+02,4.97370434e+03
1.00000000e+04,1.26403720e+02,4.78126917e+03
1.00000000e+04,1.23951178e+02,4.94527478e+03
1.00000000e+04,1.25561459e+02,4.96436055e+03
1.00000000e+04,1.30823173e+02,4.92947020e+03
1.00000000e+04,1.22758552e+02,4.84973146e+03
