Niters,ExcTime,GNorm
1.00000000e+04,1.28702730e+02,2.10878288e+01
1.00000000e+04,1.21626285e+02,2.04157832e+01
1.00000000e+04,1.29409822e+02,2.05347525e+01
1.00000000e+04,1.23730258e+02,2.08904667e+01
1.00000000e+04,1.19444552e+02,2.08200820e+01
1.00000000e+04,1.21209568e+02,2.08197138e+01
1.00000000e+04,1.24010461e+02,2.01694523e+01
1.00000000e+04,1.24084814e+02,2.03957385e+01
1.00000000e+04,1.29950375e+02,2.05962020e+01
1.00000000e+04,1.20307228e+02,2.02112498e+01
