Niters,ExcTime,GNorm
1.15000000e+02,1.46442842e+00,9.54409033e-09
1.15000000e+02,1.46673846e+00,9.43165035e-09
1.15000000e+02,1.45455694e+00,9.31747149e-09
1.15000000e+02,1.49571514e+00,9.32651234e-09
1.15000000e+02,1.49753976e+00,9.29989870e-09
1.15000000e+02,1.48900127e+00,9.40190347e-09
1.15000000e+02,1.40945005e+00,9.48760813e-09
1.15000000e+02,1.38772297e+00,9.27440700e-09
1.15000000e+02,1.41265059e+00,9.46994009e-09
1.15000000e+02,1.44757271e+00,9.34384393e-09
