Niters,ExcTime,GNorm
1.00000000e+04,1.29853522e+02,1.35709339e+01
1.00000000e+04,1.32622280e+02,1.31511510e+01
1.00000000e+04,1.28527019e+02,1.33068133e+01
1.00000000e+04,1.32393581e+02,1.34589917e+01
1.00000000e+04,1.49890030e+02,1.33597180e+01
1.00000000e+04,1.24232052e+02,1.35118188e+01
1.00000000e+04,1.21731269e+02,1.30756795e+01
1.00000000e+04,1.23932618e+02,1.30945586e+01
1.00000000e+04,1.37026720e+02,1.32437078e+01
1.00000000e+04,1.33362544e+02,1.32175738e+01
