Niters,ExcTime,GNorm
1.00000000e+04,1.24892765e+02,7.30742966e-01
1.00000000e+04,1.23744937e+02,7.23208437e-01
1.00000000e+04,1.22971574e+02,7.18719419e-01
1.00000000e+04,1.23443172e+02,7.03866244e-01
1.00000000e+04,1.21367714e+02,6.77727870e-01
1.00000000e+04,1.39275431e+02,7.36379732e-01
1.00000000e+04,1.22401734e+02,7.49634695e-01
1.00000000e+04,1.23339621e+02,7.02692332e-01
1.00000000e+04,1.23915478e+02,7.24931148e-01
1.00000000e+04,1.30206652e+02,7.43299967e-01
