Niters,ExcTime,GNorm
1.00000000e+04,7.41749763e-01,7.66352742e-03
1.00000000e+04,7.44159698e-01,1.52695794e-02
1.00000000e+04,7.41384506e-01,3.15058708e-02
1.00000000e+04,7.42529392e-01,1.01570334e-02
1.00000000e+04,7.41200924e-01,1.64332859e-02
1.00000000e+04,7.41380692e-01,1.26082324e-02
1.00000000e+04,7.42373943e-01,6.73171824e-03
1.00000000e+04,7.43024826e-01,1.57190509e-02
1.00000000e+04,7.42591143e-01,1.80057209e-02
1.00000000e+04,7.43415117e-01,1.35643364e-02
