Niters,ExcTime,GNorm
1.00000000e+04,7.42122889e-01,5.30223490e+02
1.00000000e+04,7.39717960e-01,5.13274915e+02
1.00000000e+04,7.40694284e-01,4.98686504e+02
1.00000000e+04,7.41089821e-01,4.76347766e+02
1.00000000e+04,7.43100643e-01,5.01506672e+02
1.00000000e+04,7.41135359e-01,4.99162063e+02
1.00000000e+04,7.44263172e-01,3.99481166e+02
1.00000000e+04,7.46335983e-01,4.50353679e+02
1.00000000e+04,7.43641615e-01,3.90117091e+02
1.00000000e+04,7.40324974e-01,4.30954500e+02
