Niters,ExcTime,GNorm
1.00000000e+04,3.43970537e-01,3.50664650e-02
1.00000000e+04,3.44079733e-01,5.45910725e-02
1.00000000e+04,3.43522310e-01,9.67669426e-02
1.00000000e+04,3.43730688e-01,3.19352242e-02
1.00000000e+04,3.44373703e-01,5.22876463e-02
1.00000000e+04,3.50713730e-01,5.66407924e-02
1.00000000e+04,3.44488382e-01,2.73452609e-02
1.00000000e+04,3.44209194e-01,5.60703314e-02
1.00000000e+04,3.43479395e-01,5.57221646e-02
1.00000000e+04,3.44719648e-01,6.06715744e-02
