Niters,ExcTime,GNorm
1.00000000e+04,1.10480904e+02,5.56418617e+02
1.00000000e+04,1.07674833e+02,5.47005199e+02
1.00000000e+04,1.12916201e+02,5.48359365e+02
1.00000000e+04,1.09962914e+02,5.52406696e+02
1.00000000e+04,1.08565809e+02,5.57194398e+02
1.00000000e+04,1.06997158e+02,5.52844657e+02
1.00000000e+04,1.12044691e+02,5.45469645e+02
1.00000000e+04,1.08033645e+02,5.51410417e+02
1.00000000e+04,1.09747648e+02,5.51350617e+02
1.00000000e+04,1.12478245e+02,5.48581793e+02
