Niters,ExcTime,GNorm
1.00000000e+04,1.15059130e+02,7.12499847e+06
1.00000000e+04,1.12950691e+02,6.97260800e+06
1.00000000e+04,1.08591674e+02,7.07903369e+06
1.00000000e+04,1.10436988e+02,7.03673741e+06
1.00000000e+04,1.08217541e+02,7.07422962e+06
1.00000000e+04,1.14840795e+02,7.27132384e+06
1.00000000e+04,1.06202480e+02,7.03270510e+06
1.00000000e+04,1.06056245e+02,6.89927439e+06
1.00000000e+04,1.11956963e+02,6.93996683e+06
1.00000000e+04,1.11193554e+02,7.08120631e+06
