Niters,ExcTime,GNorm
1.00000000e+04,1.31796719e+02,1.28313651e+06
1.00000000e+04,1.27454847e+02,1.23925829e+06
1.00000000e+04,1.11300102e+02,1.25408816e+06
1.00000000e+04,1.27015333e+02,1.26698071e+06
1.00000000e+04,1.13078005e+02,1.25789594e+06
1.00000000e+04,1.26719877e+02,1.25522382e+06
1.00000000e+04,1.23629766e+02,1.22703587e+06
1.00000000e+04,1.21516685e+02,1.24303319e+06
1.00000000e+04,1.32272901e+02,1.26010889e+06
1.00000000e+04,1.27758701e+02,1.24050062e+06
