Niters,ExcTime,GNorm
1.00000000e+04,1.29494611e+02,1.02628084e-03
1.00000000e+04,1.12492732e+02,1.00371711e-03
1.00000000e+04,1.14545123e+02,1.02438993e-03
1.00000000e+04,1.25412067e+02,1.00892389e-03
1.00000000e+04,1.10623859e+02,1.07453449e-03
1.00000000e+04,1.10275455e+02,9.93733755e-04
1.00000000e+04,1.17733285e+02,1.04905770e-03
1.00000000e+04,1.27300339e+02,1.00462219e-03
1.00000000e+04,1.10985715e+02,1.08460155e-03
1.00000000e+04,1.24884408e+02,1.00443140e-03
