Niters,ExcTime,GNorm
1.00000000e+04,2.40216508e+01,5.08647627e+06
1.00000000e+04,2.52725971e+01,4.83338609e+06
1.00000000e+04,2.45853860e+01,4.98577435e+06
1.00000000e+04,2.56186862e+01,5.01029580e+06
1.00000000e+04,2.41540339e+01,5.10110011e+06
1.00000000e+04,2.48476121e+01,4.96061282e+06
1.00000000e+04,2.45484986e+01,4.80351654e+06
1.00000000e+04,2.59935191e+01,4.79612075e+06
1.00000000e+04,2.49095795e+01,5.08130151e+06
1.00000000e+04,2.50974524e+01,5.03277904e+06
