Niters,ExcTime,GNorm
1.00000000e+04,6.86380625e-01,1.98574811e+02
1.00000000e+04,6.84269905e-01,1.81288314e+02
1.00000000e+04,6.83290482e-01,1.75823711e+02
1.00000000e+04,6.79794788e-01,1.84441464e+02
1.00000000e+04,6.80262566e-01,1.90701321e+02
1.00000000e+04,6.81974411e-01,1.97551215e+02
1.00000000e+04,6.85832024e-01,1.88522674e+02
1.00000000e+04,6.82237625e-01,1.97644723e+02
1.00000000e+04,6.85953379e-01,1.91041496e+02
1.00000000e+04,6.80602312e-01,1.94005403e+02
