Niters,ExcTime,GNorm
1.00000000e+04,2.40755606e+01,3.98504820e+02
1.00000000e+04,2.54257684e+01,3.85809531e+02
1.00000000e+04,2.35235679e+01,3.90455528e+02
1.00000000e+04,2.70551698e+01,3.93131672e+02
1.00000000e+04,2.49726675e+01,3.98794888e+02
1.00000000e+04,2.45023143e+01,3.91892234e+02
1.00000000e+04,2.41670673e+01,3.93574047e+02
1.00000000e+04,2.40618329e+01,3.87873086e+02
1.00000000e+04,2.46247299e+01,3.95149392e+02
1.00000000e+04,2.38873434e+01,3.90043560e+02
