Niters,ExcTime,GNorm
1.00000000e+04,9.41945791e-01,1.90185013e+04
1.00000000e+04,9.43160772e-01,1.98560235e+04
1.00000000e+04,9.40528631e-01,1.84423733e+04
1.00000000e+04,9.49199438e-01,1.83883507e+04
1.00000000e+04,9.42196846e-01,1.65316889e+04
1.00000000e+04,9.47248697e-01,1.85055144e+04
1.00000000e+04,9.50569868e-01,1.93145472e+04
1.00000000e+04,9.44333553e-01,1.69732341e+04
1.00000000e+04,9.37591314e-01,1.73115084e+04
1.00000000e+04,9.39989805e-01,1.80926459e+04
