Niters,ExcTime,GNorm
1.00000000e+04,2.49419379e+01,2.40837733e+00
1.00000000e+04,2.81753559e+01,2.42018054e+00
1.00000000e+04,2.43689613e+01,2.38809749e+00
1.00000000e+04,2.39568009e+01,2.47698595e+00
1.00000000e+04,2.39093957e+01,2.52050744e+00
1.00000000e+04,2.48260877e+01,2.32546886e+00
1.00000000e+04,3.27015357e+01,2.32929247e+00
1.00000000e+04,2.63421385e+01,2.47992640e+00
1.00000000e+04,2.54165933e+01,2.46179272e+00
1.00000000e+04,2.78894413e+01,2.46680933e+00
