Niters,ExcTime,GNorm
1.00000000e+04,1.07902498e+02,1.02927873e-03
1.00000000e+04,1.10380804e+02,1.00616532e-03
1.00000000e+04,1.12840951e+02,1.02634560e-03
1.00000000e+04,1.12911421e+02,1.01176772e-03
1.00000000e+04,1.08964338e+02,1.07731321e-03
1.00000000e+04,1.06558563e+02,9.96558187e-04
1.00000000e+04,1.10806884e+02,1.05293083e-03
1.00000000e+04,1.25882291e+02,1.00969822e-03
1.00000000e+04,1.10954596e+02,1.08854025e-03
1.00000000e+04,1.12839264e+02,1.00717404e-03
