Niters,ExcTime,GNorm
1.31000000e+02,1.43511295e-02,9.03791977e-09
1.32000000e+02,1.45993233e-02,8.50325107e-09
1.32000000e+02,1.45776272e-02,9.29761431e-09
1.32000000e+02,1.66447163e-02,9.15469675e-09
1.32000000e+02,1.67603493e-02,9.76426518e-09
1.32000000e+02,1.63109303e-02,9.12714385e-09
1.32000000e+02,1.67002678e-02,9.34960384e-09
1.32000000e+02,1.61452293e-02,8.50386693e-09
1.32000000e+02,1.82416439e-02,9.44182868e-09
1.32000000e+02,1.99532509e-02,8.82186317e-09
