Niters,ExcTime,GNorm
1.00000000e+04,1.10422039e+00,2.76204461e+05
1.00000000e+04,1.08744264e+00,2.69919881e+05
1.00000000e+04,1.08843279e+00,2.70090996e+05
1.00000000e+04,1.06803489e+00,2.80892093e+05
1.00000000e+04,1.07067108e+00,2.84221974e+05
1.00000000e+04,1.06985378e+00,2.77595725e+05
1.00000000e+04,1.07061434e+00,2.89521733e+05
1.00000000e+04,1.06999826e+00,2.88287521e+05
1.00000000e+04,1.07313442e+00,2.75108621e+05
1.00000000e+04,1.06817532e+00,2.84087543e+05
