Niters,ExcTime,GNorm
1.00000000e+04,1.05532587e+01,7.67352466e+00
1.00000000e+04,1.06550021e+01,5.08609169e+00
1.00000000e+04,1.05916061e+01,5.32745775e+00
1.00000000e+04,1.06333597e+01,2.18497760e+00
1.00000000e+04,1.06376412e+01,5.78162556e+00
1.00000000e+04,1.05507498e+01,4.17071157e+00
1.00000000e+04,1.06408832e+01,4.04630114e+00
1.00000000e+04,1.06022232e+01,6.10907328e+00
1.00000000e+04,1.06746404e+01,4.67834797e+00
1.00000000e+04,1.05900199e+01,1.62422724e+00
