Niters,ExcTime,GNorm
1.00000000e+04,7.61872530e-01,8.79318531e+03
1.00000000e+04,7.65336037e-01,7.39035884e+03
1.00000000e+04,7.62203217e-01,8.86957915e+03
1.00000000e+04,7.60726452e-01,7.68175129e+03
1.00000000e+04,7.60511398e-01,9.78257617e+03
1.00000000e+04,7.60179520e-01,8.56129683e+03
1.00000000e+04,7.65734434e-01,9.15835580e+03
1.00000000e+04,7.65404463e-01,7.91301265e+03
1.00000000e+04,7.61811495e-01,6.91942784e+03
1.00000000e+04,7.67617226e-01,7.84622067e+03
