Niters,ExcTime,GNorm
1.00000000e+04,4.49915409e-01,6.00236645e+00
1.00000000e+04,4.01850224e-01,4.46126835e+00
1.00000000e+04,4.11106348e-01,5.96879518e+00
1.00000000e+04,4.00663614e-01,8.37248242e+00
1.00000000e+04,3.95343304e-01,9.62381282e+00
1.00000000e+04,3.93440723e-01,4.57667113e+00
1.00000000e+04,4.03418303e-01,2.96100684e+00
1.00000000e+04,4.00265217e-01,5.25455466e+00
1.00000000e+04,3.99922371e-01,5.53578050e-01
1.00000000e+04,4.14793253e-01,1.09538750e+01
