Niters,ExcTime,GNorm
,,
1.00000000e+04,6.32510424e-01,1.26529210e+06
1.00000000e+04,6.30225658e-01,1.31257498e+06
,,
1.00000000e+04,6.36202574e-01,1.30605526e+06
1.00000000e+04,6.47383690e-01,1.32004357e+06
,,
1.00000000e+04,6.30942106e-01,1.29993485e+06
1.00000000e+04,6.29937410e-01,1.27567229e+06
,,
