Niters,ExcTime,GNorm
1.00000000e+04,7.19911885e+00,8.91300252e+05
1.00000000e+04,7.63046551e+00,8.96678937e+05
1.00000000e+04,7.19342995e+00,8.91349235e+05
1.00000000e+04,7.18200326e+00,8.86624842e+05
1.00000000e+04,7.18601370e+00,8.88688154e+05
1.00000000e+04,7.18333364e+00,8.91258301e+05
1.00000000e+04,7.20901728e+00,8.89860397e+05
1.00000000e+04,7.31178832e+00,8.79971056e+05
1.00000000e+04,7.31428862e+00,8.78748244e+05
1.00000000e+04,7.30922985e+00,8.95654978e+05
