Niters,ExcTime,GNorm
1.00000000e+04,1.10249019e+00,2.80256654e+02
1.00000000e+04,1.09975696e+00,2.73683749e+02
1.00000000e+04,1.09744883e+00,2.75634737e+02
1.00000000e+04,1.07823586e+00,2.84956420e+02
1.00000000e+04,1.08588505e+00,2.88121064e+02
1.00000000e+04,1.08486509e+00,2.81584974e+02
1.00000000e+04,1.08577800e+00,2.92681586e+02
1.00000000e+04,1.08269072e+00,2.92057581e+02
1.00000000e+04,1.08809614e+00,2.82237060e+02
1.00000000e+04,1.09216905e+00,2.88088459e+02
