Niters,ExcTime,GNorm
1.00000000e+04,8.65000010e-01,5.43767403e+00
1.00000000e+04,8.24915648e-01,4.01772673e+00
1.00000000e+04,8.22301626e-01,5.38638632e+00
1.00000000e+04,8.20483923e-01,7.54023902e+00
1.00000000e+04,8.19761276e-01,8.72673918e+00
1.00000000e+04,8.14744473e-01,4.13472718e+00
1.00000000e+04,8.19141388e-01,2.67290791e+00
1.00000000e+04,8.17851543e-01,4.75229434e+00
1.00000000e+04,8.25997114e-01,3.25130594e-01
1.00000000e+04,8.22914124e-01,9.92144223e+00
