Niters,ExcTime,GNorm
,,
,,
,,
,,
1.00000000e+04,3.61218929e-01,4.99354379e+03
,,
,,
,,
,,
,,
