Niters,ExcTime,GNorm
1.00000000e+04,7.49013424e-01,8.79294422e+04
1.00000000e+04,7.53565073e-01,7.39136265e+04
1.00000000e+04,7.51948118e-01,8.87050188e+04
1.00000000e+04,7.50868320e-01,7.67966779e+04
1.00000000e+04,7.52126932e-01,9.78353608e+04
1.00000000e+04,7.51501322e-01,8.56118761e+04
1.00000000e+04,7.57399797e-01,9.15924646e+04
1.00000000e+04,7.55499363e-01,7.91295336e+04
1.00000000e+04,7.50432014e-01,6.91989595e+04
1.00000000e+04,7.53560543e-01,7.84519177e+04
