Niters,ExcTime,GNorm
1.00000000e+04,5.78954673e+00,4.08647924e+05
1.00000000e+04,6.21617889e+00,4.06157368e+05
1.00000000e+04,5.79829669e+00,4.06582821e+05
1.00000000e+04,6.21805692e+00,4.07502232e+05
1.00000000e+04,5.80095434e+00,4.10947395e+05
1.00000000e+04,5.82421660e+00,4.06761204e+05
1.00000000e+04,5.79562044e+00,4.08567304e+05
1.00000000e+04,6.22283292e+00,4.05557280e+05
1.00000000e+04,5.80893159e+00,4.06320096e+05
1.00000000e+04,6.21588922e+00,4.08184119e+05
