Niters,ExcTime,GNorm
1.00000000e+04,5.80797672e+00,4.08626137e+06
1.00000000e+04,5.81734610e+00,4.06136686e+06
1.00000000e+04,5.79661274e+00,4.06567917e+06
1.00000000e+04,6.22195578e+00,4.07483363e+06
1.00000000e+04,5.82415915e+00,4.10929939e+06
1.00000000e+04,6.23865724e+00,4.06745219e+06
1.00000000e+04,6.53073883e+00,4.08549681e+06
1.00000000e+04,6.10853839e+00,4.05541980e+06
1.00000000e+04,5.90420794e+00,4.06299973e+06
1.00000000e+04,6.32049513e+00,4.08164555e+06
