Niters,ExcTime,GNorm
1.00000000e+04,7.36726403e+00,8.91997390e+03
1.00000000e+04,7.34483695e+00,8.97365625e+03
1.00000000e+04,7.34095049e+00,8.91647364e+03
1.00000000e+04,7.34283471e+00,8.87166528e+03
1.00000000e+04,7.34324861e+00,8.89139808e+03
1.00000000e+04,7.26585698e+00,8.91576151e+03
1.00000000e+04,7.26808071e+00,8.90361773e+03
1.00000000e+04,7.29001594e+00,8.80390986e+03
1.00000000e+04,7.28774190e+00,8.79394513e+03
1.00000000e+04,7.29169416e+00,8.96302435e+03
