Niters,ExcTime,GNorm
,,
1.00000000e+04,6.31429195e-01,1.26535099e+05
1.00000000e+04,6.29454136e-01,1.31266298e+05
,,
1.00000000e+04,6.15157604e-01,1.30609715e+05
1.00000000e+04,6.45523787e-01,1.32009914e+05
,,
1.00000000e+04,6.38242722e-01,1.30001537e+05
1.00000000e+04,6.62357807e-01,1.27576794e+05
1.00000000e+04,6.46269560e-01,1.28247728e+05
