Niters,ExcTime,GNorm
,,
,,
,,
,,
1.00000000e+04,3.59414101e-01,5.01101849e+02
,,
,,
,,
,,
,,
