Niters,ExcTime,GNorm
1.00000000e+04,8.47368240e+00,1.37640481e+00
1.00000000e+04,8.61148190e+00,9.22955530e-01
1.00000000e+04,8.47890735e+00,7.44672100e-01
1.00000000e+04,8.58665514e+00,3.95956674e-01
1.00000000e+04,9.12006974e+00,1.02684358e+00
1.00000000e+04,8.87998581e+00,7.62000573e-01
1.00000000e+04,8.75228930e+00,6.10973779e-01
1.00000000e+04,8.61823010e+00,8.61447423e-01
1.00000000e+04,8.50109196e+00,8.10498422e-01
1.00000000e+04,8.54386616e+00,3.08195822e-01
