Niters,ExcTime,GNorm
,,
,,
,,
,,
1.00000000e+04,3.60461235e-01,4.99247838e+04
,,
,,
,,
,,
,,
