Niters,ExcTime,GNorm
1.00000000e+04,1.09887576e+00,2.76386883e+03
1.00000000e+04,1.09949517e+00,2.70071172e+03
1.00000000e+04,1.09795070e+00,2.70405869e+03
1.00000000e+04,1.09797525e+00,2.81119807e+03
1.00000000e+04,1.09958291e+00,2.84409836e+03
1.00000000e+04,1.09511042e+00,2.77795484e+03
1.00000000e+04,1.08972883e+00,2.89641807e+03
1.00000000e+04,1.09151006e+00,2.88457811e+03
1.00000000e+04,1.08851051e+00,2.75560684e+03
1.00000000e+04,1.08908296e+00,2.84249823e+03
