Niters,ExcTime,GNorm
1.00000000e+04,6.48854947e+00,4.12075395e+03
1.00000000e+04,6.42052341e+00,4.09513308e+03
1.00000000e+04,6.46008825e+00,4.09260263e+03
1.00000000e+04,6.45967436e+00,4.10625411e+03
1.00000000e+04,6.51407695e+00,4.13859083e+03
1.00000000e+04,6.65850735e+00,4.09558143e+03
1.00000000e+04,5.97980881e+00,4.11550464e+03
1.00000000e+04,6.00913548e+00,4.08273078e+03
1.00000000e+04,5.97717524e+00,4.09579724e+03
1.00000000e+04,6.52131486e+00,4.11389892e+03
