Niters,ExcTime,GNorm
1.00000000e+04,7.48744726e-01,8.91034667e+01
1.00000000e+04,7.53144026e-01,7.39000982e+01
1.00000000e+04,7.49978542e-01,8.83980282e+01
1.00000000e+04,7.52396822e-01,7.99973209e+01
1.00000000e+04,7.51237154e-01,9.76271718e+01
1.00000000e+04,7.49456882e-01,8.69548538e+01
1.00000000e+04,7.50384331e-01,9.12429590e+01
1.00000000e+04,7.56911516e-01,8.04961763e+01
1.00000000e+04,7.48956203e-01,6.95371044e+01
1.00000000e+04,7.57370710e-01,8.13486595e+01
