Niters,ExcTime,GNorm
1.00000000e+04,8.47328591e+00,1.01353937e+01
1.00000000e+04,8.62189150e+00,5.61962810e+00
1.00000000e+04,8.47556663e+00,8.05329262e+00
1.00000000e+04,8.60633278e+00,2.66647012e+00
1.00000000e+04,8.47309685e+00,7.76289317e+00
1.00000000e+04,8.51408792e+00,4.83122431e+00
1.00000000e+04,8.63705587e+00,5.55594358e+00
1.00000000e+04,8.44748259e+00,9.45886738e+00
1.00000000e+04,8.68061972e+00,8.15070554e+00
1.00000000e+04,8.71003747e+00,3.39746114e+00
