Niters,ExcTime,GNorm
,,
,,
,,
,,
1.00000000e+04,3.59245777e-01,4.99237889e+05
,,
,,
,,
,,
1.00000000e+04,3.60324860e-01,3.67305275e+05
