Niters,ExcTime,GNorm
1.00000000e+04,8.76240492e-01,3.61778009e-01
1.00000000e+04,8.27198744e-01,2.58837441e-01
1.00000000e+04,8.21051598e-01,3.51452273e-01
1.00000000e+04,8.17756891e-01,4.84751834e-01
1.00000000e+04,8.15391541e-01,5.84785462e-01
1.00000000e+04,8.21145058e-01,2.73943032e-01
1.00000000e+04,8.16524744e-01,1.75890621e-01
1.00000000e+04,8.21432114e-01,3.12180151e-01
1.00000000e+04,8.22201490e-01,2.14265633e-02
1.00000000e+04,8.23171616e-01,6.65713096e-01
