Niters,ExcTime,GNorm
1.00000000e+04,6.66793752e+00,5.02608388e+04
1.00000000e+04,6.50334549e+00,4.94094532e+04
1.00000000e+04,6.31208467e+00,5.04389802e+04
1.00000000e+04,6.33668470e+00,5.10867545e+04
1.00000000e+04,6.31266570e+00,5.06896374e+04
1.00000000e+04,6.34275103e+00,5.06260740e+04
,,
1.00000000e+04,6.35302162e+00,5.06659915e+04
1.00000000e+04,6.34662127e+00,5.08659095e+04
1.00000000e+04,6.30217385e+00,5.04129965e+04
