Niters,ExcTime,GNorm
1.00000000e+04,1.10007334e+00,5.85125672e+02
1.00000000e+04,1.07042241e+00,5.90229985e+02
1.00000000e+04,1.09730840e+00,6.14897271e+02
1.00000000e+04,1.07213807e+00,5.71736821e+02
1.00000000e+04,1.09933543e+00,5.76336106e+02
1.00000000e+04,1.07146883e+00,5.82854595e+02
1.00000000e+04,1.10005188e+00,5.69112310e+02
1.00000000e+04,1.08001232e+00,5.94734537e+02
1.00000000e+04,1.09803391e+00,5.84141728e+02
1.00000000e+04,1.07678509e+00,5.75420581e+02
