Niters,ExcTime,GNorm
1.00000000e+04,1.09404159e+00,4.13981748e+04
1.00000000e+04,1.08889437e+00,4.20477208e+04
1.00000000e+04,1.09705210e+00,4.36803658e+04
1.00000000e+04,1.07919598e+00,4.14067769e+04
1.00000000e+04,1.09741688e+00,4.14951808e+04
1.00000000e+04,1.08113503e+00,4.43925983e+04
1.00000000e+04,1.09809232e+00,4.06500662e+04
1.00000000e+04,1.08186150e+00,3.87543315e+04
1.00000000e+04,1.09604406e+00,4.21285078e+04
1.00000000e+04,1.07976103e+00,3.95332576e+04
