Niters,ExcTime,GNorm
1.00000000e+04,7.35659003e+00,1.34394256e+05
1.00000000e+04,7.16921258e+00,1.30343919e+05
1.00000000e+04,7.21666431e+00,1.31857028e+05
1.00000000e+04,7.37891364e+00,1.33027518e+05
1.00000000e+04,7.38211513e+00,1.32863970e+05
1.00000000e+04,7.34811854e+00,1.31689233e+05
1.00000000e+04,7.22440052e+00,1.31865207e+05
1.00000000e+04,7.20977211e+00,1.33187687e+05
1.00000000e+04,7.37381840e+00,1.33357863e+05
1.00000000e+04,7.35030246e+00,1.32086594e+05
