Niters,ExcTime,GNorm
4.40000000e+01,4.79221344e-03,6.12180603e-09
4.40000000e+01,4.96411324e-03,5.89021294e-09
4.40000000e+01,4.88710403e-03,6.49384696e-09
4.40000000e+01,4.89354134e-03,5.20301132e-09
4.40000000e+01,4.92405891e-03,5.76059642e-09
4.40000000e+01,4.88066673e-03,6.43330352e-09
4.40000000e+01,4.92429733e-03,5.55629078e-09
4.40000000e+01,4.89568710e-03,6.04094869e-09
4.40000000e+01,4.89544868e-03,6.27139389e-09
4.40000000e+01,4.91094589e-03,6.39321845e-09
