Niters,ExcTime,GNorm
,,
,,
,,
,,
,,
,,
,,
1.00000000e+04,5.98982096e-01,1.51773068e+04
1.00000000e+04,6.01087093e-01,1.53319233e+04
,,
