Niters,ExcTime,GNorm
1.00000000e+04,7.83950686e+00,4.04217160e-02
1.00000000e+04,8.08835459e+00,1.01150685e-01
1.00000000e+04,7.94111371e+00,3.47246560e-02
1.00000000e+04,7.98106742e+00,8.18656607e-02
1.00000000e+04,7.97556639e+00,1.28432368e-01
1.00000000e+04,7.94525552e+00,1.10773003e-02
1.00000000e+04,7.98534679e+00,1.03122054e-01
1.00000000e+04,7.99615264e+00,4.30675948e-02
1.00000000e+04,8.02939963e+00,9.21870623e-02
1.00000000e+04,7.94695115e+00,1.02847331e-01
