Niters,ExcTime,GNorm
4.40000000e+01,4.79006767e-03,6.15032549e-09
4.40000000e+01,4.82368469e-03,5.88708851e-09
4.40000000e+01,4.78339195e-03,6.49384918e-09
4.40000000e+01,4.85849380e-03,5.21394256e-09
4.40000000e+01,4.79388237e-03,5.76662884e-09
4.40000000e+01,4.77886200e-03,6.18917223e-09
4.40000000e+01,4.76813316e-03,5.52977152e-09
4.40000000e+01,4.84251976e-03,6.04011096e-09
4.40000000e+01,4.80914116e-03,6.23543537e-09
4.40000000e+01,4.79888916e-03,6.29350410e-09
