Niters,ExcTime,GNorm
1.00000000e+04,9.32666421e+00,1.50024847e-02
1.00000000e+04,9.31521487e+00,3.75685592e-02
1.00000000e+04,9.27057624e+00,1.29317025e-02
1.00000000e+04,9.15290570e+00,3.05087411e-02
1.00000000e+04,9.37303305e+00,4.78084510e-02
1.00000000e+04,9.29725814e+00,4.12790284e-03
1.00000000e+04,9.31190634e+00,3.82355539e-02
1.00000000e+04,9.19989491e+00,1.59992986e-02
1.00000000e+04,9.18738484e+00,3.42847276e-02
1.00000000e+04,9.39695787e+00,3.83772615e-02
