Niters,ExcTime,GNorm
1.00000000e+04,7.34778166e-01,2.10612272e+01
1.00000000e+04,7.34708071e-01,1.92417515e+01
1.00000000e+04,7.33716249e-01,2.19906055e+01
1.00000000e+04,7.34278917e-01,1.99573607e+01
1.00000000e+04,7.36811876e-01,2.05944694e+01
1.00000000e+04,7.35434532e-01,2.14140668e+01
1.00000000e+04,7.32979059e-01,2.09268625e+01
1.00000000e+04,7.33107090e-01,2.20330875e+01
1.00000000e+04,7.33274937e-01,2.26098837e+01
1.00000000e+04,7.35691071e-01,2.12911982e+01
