Niters,ExcTime,GNorm
1.48000000e+02,1.08592749e-01,9.73587001e-09
1.48000000e+02,1.08642578e-01,9.64232684e-09
1.48000000e+02,1.08689308e-01,9.57947220e-09
1.48000000e+02,1.08629942e-01,9.60638429e-09
1.48000000e+02,1.08465910e-01,9.99508025e-09
1.48000000e+02,1.08610868e-01,9.64990930e-09
1.48000000e+02,1.08494997e-01,9.26823196e-09
1.48000000e+02,1.08792543e-01,9.38376287e-09
1.48000000e+02,1.08732700e-01,9.38938237e-09
1.48000000e+02,1.08851433e-01,9.67567861e-09
