Niters,ExcTime,GNorm
4.86000000e+02,2.52556086e-01,9.68339242e-09
4.85000000e+02,2.51766682e-01,9.78087301e-09
4.85000000e+02,2.51581192e-01,9.78534187e-09
4.86000000e+02,2.51773834e-01,9.51444576e-09
4.86000000e+02,2.52866507e-01,9.73981077e-09
4.86000000e+02,2.52376318e-01,9.68241439e-09
4.84000000e+02,2.54263401e-01,9.94869402e-09
4.85000000e+02,2.52629995e-01,9.70148622e-09
4.85000000e+02,3.94944429e-01,9.50174291e-09
4.87000000e+02,2.53156662e-01,9.02545671e-09
