Niters,ExcTime,GNorm
1.00000000e+04,8.92497921e+00,4.16259787e+00
1.00000000e+04,8.83678079e+00,4.34370234e+00
1.00000000e+04,8.79492426e+00,4.08459066e+00
1.00000000e+04,8.74615192e+00,4.31865963e+00
1.00000000e+04,8.89381289e+00,4.33144240e+00
1.00000000e+04,8.88229251e+00,4.00601143e+00
1.00000000e+04,8.90050650e+00,4.25244994e+00
1.00000000e+04,8.77162886e+00,3.93972973e+00
1.00000000e+04,8.78250909e+00,3.90377018e+00
1.00000000e+04,8.93457365e+00,4.29525596e+00
