Niters,ExcTime,GNorm
1.00000000e+04,7.27701712e+00,2.23832272e+02
1.00000000e+04,7.14156127e+00,2.23927246e+02
1.00000000e+04,7.14464092e+00,2.24274305e+02
1.00000000e+04,7.30837679e+00,2.26290697e+02
1.00000000e+04,7.31262898e+00,2.24025877e+02
1.00000000e+04,7.29155493e+00,2.26924181e+02
1.00000000e+04,7.15308285e+00,2.25473478e+02
1.00000000e+04,7.14586353e+00,2.24088638e+02
1.00000000e+04,7.30361390e+00,2.24770105e+02
1.00000000e+04,7.27141166e+00,2.25647854e+02
