Niters,ExcTime,GNorm
4.50000000e+01,2.60686874e-03,7.17057920e-09
4.50000000e+01,2.68363953e-03,6.95054832e-09
4.50000000e+01,2.64978409e-03,7.63204719e-09
4.50000000e+01,2.67410278e-03,6.05835025e-09
4.50000000e+01,2.65026093e-03,6.78986787e-09
4.50000000e+01,2.67791748e-03,7.25373944e-09
4.50000000e+01,2.65264511e-03,6.38549239e-09
4.50000000e+01,2.67863274e-03,7.12398513e-09
4.50000000e+01,2.65192986e-03,7.32280455e-09
4.50000000e+01,2.61878967e-03,7.35016649e-09
