Niters,ExcTime,GNorm
1.00000000e+04,1.49424696e+00,1.21610113e+00
1.00000000e+04,1.50507689e+00,1.09361928e+00
1.00000000e+04,1.49324799e+00,1.46873557e+00
1.00000000e+04,1.49335241e+00,1.12596479e+00
1.00000000e+04,1.53004241e+00,1.44867721e+00
1.00000000e+04,1.53081727e+00,1.40900077e+00
1.00000000e+04,1.51762366e+00,1.11488356e+00
1.00000000e+04,1.47245026e+00,1.24153803e+00
1.00000000e+04,1.50436902e+00,1.21845514e+00
1.00000000e+04,1.49383998e+00,1.51441728e+00
