Niters,ExcTime,GNorm
,,
,,
,,
,,
,,
,,
,,
1.00000000e+04,5.47695398e-01,1.32457964e+05
1.00000000e+04,5.88967323e-01,1.37868186e+05
,,
