Niters,ExcTime,GNorm
,,
,,
,,
,,
,,
1.00000000e+04,6.03197813e-01,2.06428267e+03
,,
1.00000000e+04,5.87671757e-01,1.88819546e+03
1.00000000e+04,6.09994650e-01,1.85537732e+03
,,
